{
    "KPlugin": {
        "Authors": [
            {
                "Email": "vinceliuice@hotmail.com",
                "Name": "Vince Liuice"
            }
        ],
        "Category": "Plasma 6.0 theme",
        "Description": "MacVentura dark by Vince Liuice",
        "Description[zh_CN]": "MacVentura 暗黑苹果主题，由 Vince Liuice (视觉设计师) 设计制作",
        "EnabledByDefault": true,
        "Id": "MacVentura-Dark",
        "License": "GPL-3.0",
        "Name": "MacVentura-Dark",
        "Name[zh_CN]": "MacVentura 暗黑苹果",
        "Version": "6.2.0",
        "Website": "https://github.com/vinceliuice"
    },
    "X-Plasma-API": "5.0"
}
