<?xml version="1.0" encoding="UTF-8"?>
<kcfg xmlns="http://www.kde.org/standards/kcfg/1.0"
      xmlns:xsi="http://www.w3.org/2001/XMLSchema-instance"
      xsi:schemaLocation="http://www.kde.org/standards/kcfg/1.0
      http://www.kde.org/standards/kcfg/1.0/kcfg.xsd" >
  <kcfgfile name=""/>

  <group name="General">
    <entry name="lengthMargin" type="Int">
        <label>length margin in pixels</label>
        <default>3</default>
    </entry>
    <entry name="thickMargin" type="Int">
        <label>thickness margin in pixels</label>
        <default>2</default>
    </entry>
    <entry name="containmentType" type="Enum">
      <choices>
         <choice name="Loading"/>
         <choice name="Plasma"/>
         <choice name="Latte"/>
      </choices>
      <label>it helps to enable/disable options that are specific to plasma or Latte panels</label>
      <default>0</default>
    </entry>
  </group>
</kcfg>
